{"cameraMode":{"drawMode":0,"name":"Shaded","section":"Shading Mode"},"sceneLighting":true,"audioPlay":false,"sceneViewState":{"showFog":true,"showMaterialUpdate":false,"showSkybox":true,"showFlares":true,"showImageEffects":true,"showParticleSystems":true,"showVisualEffectGraphs":true,"m_FxEnabled":true},"in2DMode":false,"pivot":{"x":509.5807189941406,"y":187.11758422851563,"z":106.96711730957031},"rotation":{"x":0.054001010954380038,"y":0.10193777829408646,"z":-0.005523647181689739,"w":0.9933247566223145},"size":136.27098083496095,"orthographic":false}