{"cameraMode":{"drawMode":0,"name":"Shaded","section":"Shading Mode"},"sceneLighting":true,"audioPlay":false,"sceneViewState":{"showFog":true,"showMaterialUpdate":false,"showSkybox":true,"showFlares":true,"showImageEffects":true,"showParticleSystems":true,"showVisualEffectGraphs":true,"m_FxEnabled":true},"in2DMode":false,"pivot":{"x":24.028594970703126,"y":-5.8707780838012699,"z":402.9018249511719},"rotation":{"x":0.12527097761631013,"y":-0.8715479969978333,"z":0.2930011749267578,"w":0.37266862392425539},"size":234.65118408203126,"orthographic":false}