{"cameraMode":{"drawMode":2,"name":"Shaded Wireframe","section":"Shading Mode"},"sceneLighting":false,"audioPlay":false,"sceneViewState":{"showFog":true,"showMaterialUpdate":true,"showSkybox":false,"showFlares":true,"showImageEffects":true,"showParticleSystems":true},"in2DMode":false,"pivot":{"x":454.6000061035156,"y":16.119953155517579,"z":315.0},"rotation":{"x":0.056993283331394199,"y":0.9330829977989197,"z":-0.17066189646720887,"w":0.31147506833076479},"size":131.7853240966797,"orthographic":false}