{"cameraMode":{"drawMode":2,"name":"Shaded Wireframe","section":"Shading Mode"},"sceneLighting":true,"audioPlay":false,"sceneViewState":{"showFog":true,"showMaterialUpdate":true,"showSkybox":true,"showFlares":true,"showImageEffects":true,"showParticleSystems":true},"in2DMode":false,"pivot":{"x":167.86605834960938,"y":24.032432556152345,"z":231.9394989013672},"rotation":{"x":-0.07481641322374344,"y":0.918283224105835,"z":-0.21115678548812867,"w":-0.32683825492858889},"size":454.14080810546877,"orthographic":false}