{"cameraMode":{"drawMode":2,"name":"Shaded Wireframe","section":"Shading Mode"},"sceneLighting":false,"audioPlay":false,"sceneViewState":{"showFog":true,"showMaterialUpdate":true,"showSkybox":false,"showFlares":true,"showImageEffects":true,"showParticleSystems":true},"in2DMode":false,"pivot":{"x":317.55999755859377,"y":36.61000061035156,"z":201.75},"rotation":{"x":0.20335151255130769,"y":0.16822467744350434,"z":-0.03547440096735954,"w":0.9639331698417664},"size":17.02393913269043,"orthographic":false}